,0
0,TXG
1,YI
2,PIH
3,PIHPP
4,TURN
5,FLWS
6,BCOW
7,ONEM
8,FCCY
9,SRCE
10,VNET
11,TWOU
12,QFIN
13,KRKR
14,JOBS
15,ETNB
16,JFK
17,JFKKR
18,JFKKU
19,JFKKW
20,EGHT
21,NMTR
22,JFU
23,AAON
24,ABEO
25,ABMD
26,AXAS
27,ACIU
28,ACIA
29,ACTG
30,ACHC
31,ACAD
32,ACAM
33,ACAMU
34,ACAMW
35,ACST
36,AXDX
37,ACCP
38,XLRN
39,ACCD
40,ARAY
41,ACRX
42,ACER
43,ACHV
44,ACIW
45,ACRS
46,ACMR
47,ACNB
48,ACOR
49,ATVI
50,ADMS
51,ADMP
52,AHCO
53,ADAP
54,ADPT
55,ADXN
56,ADUS
57,AEY
58,ADIL
59,ADILW
60,ADTX
61,ADMA
62,ADBE
63,ADTN
64,ADRO
65,ADES
66,AEIS
67,AMD
68,ADXS
69,ADVM
70,DWEQ
71,DWAW
72,DWUS
73,DWMC
74,DWSH
75,ACT
76,AEGN
77,AGLE
78,AEHR
79,AMTX
80,AERI
81,AVAV
82,ARPO
83,AIH
84,AEZS
85,AEMD
86,AFMD
87,AFYA
88,AGBA
89,AGBAR
90,AGBAU
91,AGBAW
92,AGEN
93,AGRX
94,AGYS
95,AGIO
96,AGMH
97,AGNC
98,AGNCM
99,AGNCN
100,AGNCO
101,AGNCP
102,API
103,AGFS
104,AGFSW
105,AIKI
106,ALRN
107,AIMT
108,AIRT
109,AIRTP
110,AIRTW
111,ATSG
112,AIRG
113,ANTE
114,AKAM
115,AKTX
116,AKCA
117,AKBA
118,KERN
119,KERNW
120,AKRO
121,AKER
122,AKUS
123,AKTS
124,ALRM
125,ALSK
126,ALAC
127,ALACR
128,ALACU
129,ALACW
130,ALBO
131,ALDX
132,ALEC
133,ALRS
134,ALXN
135,ALCO
136,ALIT
137,ALGN
138,ALIM
139,ALYA
140,ALJJ
141,ALKS
142,ALLK
143,ABTX
144,ALGT
145,ALNA
146,ARLP
147,LNT
148,AESE
149,AHPI
150,AMOT
151,ALLO
152,ALLT
153,MDRX
154,ALNY
155,AOSL
156,GOOG
157,GOOGL
158,SMCP
159,ATEC
160,ALPN
161,ALTA
162,ALTR
163,ATHE
164,ALT
165,ASPS
166,AIMC
167,ALTM
168,AMAG
169,AMAL
170,AMRN
171,AMRK
172,AMZN
173,AMBC
174,AMBA
175,AMCX
176,AMCI
177,AMCIU
178,AMCIW
179,DOX
180,AMED
181,AMTB
182,AMTBB
183,UHAL
184,AMRH
185,AMRHW
186,ATAX
187,AMOV
188,AAL
189,AFIN
190,AFINP
191,AMNB
192,ANAT
193,APEI
194,AREC
195,AMRB
196,AMSWA
197,AMSC
198,AVCT
199,AVCTW
200,AMWD
201,CRMT
202,ABCB
203,AMSF
204,ASRV
205,ASRVP
206,ATLO
207,AMGN
208,FOLD
209,AMKR
210,AMPH
211,IBUY
212,AMHC
213,AMHCU
214,AMHCW
215,AMYT
216,ASYS
217,AMRS
218,ADI
219,ANAB
220,AVXL
221,ANCN
222,ANDA
223,ANDAR
224,ANDAU
225,ANDAW
226,ANGI
227,ANGO
228,ANIP
229,ANIK
230,ANIX
231,ANPC
232,ANSS
233,ATRS
234,ATEX
235,APA
236,APLS
237,APEX
238,APXT
239,APXTU
240,APXTW
241,APHA
242,APOG
243,APEN
244,AINV
245,AMEH
246,APPF
247,APPN
248,AAPL
249,APDN
250,AGTC
251,AMAT
252,AMTI
253,AAOI
254,APLT
255,APRE
256,APVO
257,APTX
258,APM
259,APTO
260,APYX
261,AQMS
262,AQB
263,AQST
264,ARAV
265,ABUS
266,ABIO
267,RKDA
268,ARCB
269,ACGL
270,ACGLO
271,ACGLP
272,FUV
273,ARCE
274,ARCT
275,ARQT
276,ARDX
277,ARNA
278,ARCC
279,ARGX
280,ARDS
281,ARKR
282,DWCR
283,DWAT
284,AROW
285,ARWR
286,ARTL
287,ARTLW
288,ARTNA
289,ARTW
290,ARVN
291,ARYBU
292,ASNA
293,ASND
294,APWC
295,ASLN
296,ASML
297,ASPU
298,AZPN
299,AWH
300,ASMB
301,ASRT
302,ASFI
303,ASTE
304,ATRO
305,ALOT
306,ASTC
307,ASUR
308,AACG
309,ATRA
310,ATNX
311,ATHX
312,ATIF
313,AAME
314,ACBI
315,AUB
316,AUBAP
317,AY
318,ATLC
319,AAWW
320,AFH
321,ATCX
322,ATCXW
323,TEAM
324,ATNI
325,ATOM
326,ATOS
327,BCEL
328,ATRC
329,ATRI
330,LIFE
331,AUBN
332,AUDC
333,AEYE
334,AUPH
335,EARS
336,JG
337,ADSK
338,AUTL
339,ADP
340,AUTO
341,AVDL
342,AHI
343,AVCO
344,ATXI
345,AVEO
346,AVNW
347,CDMO
348,CDMOP
349,AVID
350,RNA
351,AVGR
352,CAR
353,RCEL
354,AVT
355,AVRO
356,AWRE
357,ACLS
358,AXLA
359,AXGN
360,AAXN
361,AXNX
362,AXGT
363,AXSM
364,AXTI
365,AYLA
366,AYRO
367,AYTU
368,AZRX
369,BCOM
370,RILY
371,RILYG
372,RILYH
373,RILYI
374,RILYM
375,RILYN
376,RILYO
377,RILYP
378,RILYZ
379,BOSC
380,BIDU
381,BCPC
382,BLDP
383,BANF
384,BANFP
385,BCTF
386,BAND
387,BFC
388,BOCH
389,BMRC
390,BMLP
391,BKSC
392,BOTJ
393,OZK
394,BSVN
395,BFIN
396,BWFG
397,BANR
398,BZUN
399,DFVL
400,DFVS
401,DTUL
402,DTUS
403,DTYL
404,FLAT
405,STPP
406,TAPR
407,BBSI
408,GOLD
409,BSET
410,ZTEST
411,BXRX
412,BCML
413,BBQ
414,BCBP
415,BECN
416,BEAM
417,BBGI
418,BBBY
419,BGNE
420,BELFA
421,BELFB
422,BLPH
423,BLCM
424,BLU
425,BNFT
426,BFYT
427,BNTC
428,BRY
429,BWMX
430,XAIR
431,BYND
432,BYSI
433,BGCP
434,BCYC
435,BGFV
436,BRPA
437,BRPAR
438,BRPAU
439,BRPAW
440,BILI
441,BASI
442,BCDA
443,BCDAW
444,BIOC
445,BCRX
446,BDSI
447,BFRA
448,BIIB
449,BHTG
450,BKYI
451,BIOL
452,BLFS
453,BLRX
454,BMRN
455,BMRA
456,BNGO
457,BNGOW
458,BVXV
459,BNTX
460,BPTH
461,BSGM
462,BSTC
463,TECH
464,BEAT
465,BIVI
466,BTAI
467,BJRI
468,BDTX
469,BLKB
470,BL
471,BKCC
472,TCPC
473,BLNK
474,BLNKW
475,BLMN
476,BCOR
477,BLBD
478,BHAT
479,BLUE
480,BLCT
481,BKEP
482,BKEPP
483,BPMC
484,ITEQ
485,BMCH
486,BSBK
487,WIFI
488,BOKF
489,BOKFL
490,BNSO
491,BKNG
492,BIMI
493,BRQS
494,BOMN
495,BPFH
496,EPAY
497,BOXL
498,BBRX
499,BCLI
500,BWAY
501,BCTX
502,BBI
503,BDGE
504,BBIO
505,BLIN          
506,BWB
507,BRID
508,BCOV
509,BHF
510,BHFAL
511,BHFAO
512,BHFAP
513,BRLIU
514,AVGO
515,AVGOP
516,BYFC
517,BWEN
518,BROG
519,BROGW
520,BPY
521,BPYPN
522,BPYPO
523,BPYPP
524,BPYU
525,BPYUP
526,BRKL
527,BRKS
528,BRP
529,DOOO
530,BRKR
531,BMTC
532,BSQR
533,BLDR
534,BNR
535,BFST
536,CFFI
537,CHRW
538,CABA
539,CCMP
540,CDNS
541,CDZI
542,CZR
543,CSTE
544,CLBS
545,CHY
546,CHI
547,CCD
548,CHW
549,CGO
550,CPZ
551,CSQ
552,CAMP
553,CVGW
554,CALB
555,CALA
556,CALT
557,CALM
558,CLMT
559,CLXT
560,CMBM
561,CATC
562,CAC
563,CAMT
564,CAN
565,CSIQ
566,CGIX
567,CPHC
568,CBNK
569,CCBG
570,CPLP
571,CSWC
572,CSWCL
573,CPTA
574,CPTAG
575,CPTAL
576,CFFN
577,CAPR
578,CSTR
579,CPST
580,CARA
581,CRDF
582,CSII
583,CDLX
584,CATM
585,CDNA
586,CTRE
587,CARG
588,TAST
589,CARE
590,CARV
591,CASA
592,CWST
593,CASY
594,CASI
595,CASS
596,SAVA
597,CSTL
598,CTRM
599,CATB
600,CBIO
601,CPRX
602,CATY
603,CVCO
604,CBFV
605,CBAT
606,CBMB
607,CBOE
608,CBTX
609,CDK
610,CDW
611,CECE
612,CELC
613,CLDX
614,APOP
615,APOPW
616,CLRB
617,CLRBZ
618,CLLS
619,CBMG
620,CLSN
621,CELH
622,CYAD
623,CETX
624,CETXP
625,CETXW
626,CDEV
627,CNTG
628,CETV
629,CFBK
630,CENT
631,CENTA
632,CVCY
633,CNTX
634,CENX
635,CNBKA
636,CNTY
637,CRNT
638,CERC
639,CRNC
640,CERN
641,CERS
642,CEVA
643,CFFA
644,CFFAU
645,CFFAW
646,CSBR
647,CHNG
648,CHNGU
649,CTHR
650,GTLS
651,CHTR
652,CHKP
653,CHEK
654,CHEKZ
655,CKPT
656,CEMI
657,CCXI
658,CHMG
659,CHFS
660,CHMA
661,CSSE
662,CSSEP
663,PLCE
664,CMRX
665,CAAS
666,CBPO
667,CCCL
668,CCRC
669,JRJC
670,HGSH
671,CIH
672,CJJD
673,CLEU
674,CHNR
675,CREG
676,SXTC
677,CXDC
678,PLIN
679,CNET
680,IMOS
681,COFS
682,CHPM
683,CHPMU
684,CHPMW
685,CDXC
686,CHSCL
687,CHSCM
688,CHSCN
689,CHSCO
690,CHSCP
691,CHDN
692,CHUY
693,CDTX
694,CIIC
695,CIICU
696,CIICW
697,CMCT
698,CMCTP
699,CMPR
700,CNNB
701,CINF
702,CIDM
703,CTAS
704,CRUS
705,CSCO
706,CTRN
707,CTXR
708,CTXRW
709,CZNC
710,CZWI
711,CIZN
712,CTXS
713,CHCO
714,CIVB
715,CLAR
716,CLNE
717,CLSK
718,CACG
719,YLDE
720,LRGE
721,CLFD
722,CLRO
723,CLPT
724,CLSD
725,CLIR
726,CBLI
727,CLVS
728,CLPS
729,CME
730,CCNE
731,CNSP
732,CCB
733,COKE
734,COCP
735,CODA
736,CCNC
737,CDXS
738,CODX
739,CVLY
740,JVA
741,CCOI
742,CGNX
743,CTSH
744,CWBR
745,COHR
746,CHRS
747,COHU
748,CGRO
749,CGROU
750,CGROW
751,CLCT
752,COLL
753,CIGI
754,CLGN
755,CBAN
756,HHT
757,COLB
758,CLBK
759,COLM
760,CMCO
761,CMCSA
762,CBSH
763,CBSHP
764,CVGI
765,COMM
766,JCS
767,ESXB
768,CFBI
769,CTBI
770,CWBC
771,CVLT
772,CGEN
773,CPSI
774,CTG
775,SCOR
776,CHCI
777,CMTL
778,CNCE
779,BBCP
780,CDOR
781,CNDT
782,CFMS
783,CNFR
784,CNFRL
785,CNMD
786,CNOB
787,CONN
788,CNSL
789,CWCO
790,CNST
791,ROAD
792,CPSS
793,CFRX
794,CPTI
795,CPAA
796,CPAAU
797,CPAAW
798,CPRT
799,CRBP
800,CORT
801,CORE
802,CSOD
803,CRTX
804,CLDB
805,CRVL
806,CRVS
807,CSGP
808,COST
809,CPAH
810,ICBK
811,COUP
812,CVLG
813,CVET
814,COWN
815,COWNL
816,COWNZ
817,CPSH
818,CRAI
819,CBRL
820,BREW
821,CREX
822,CREXW
823,CACC
824,GLDI
825,SLVO
826,USOI
827,CREE
828,CRSA
829,CRSAU
830,CRSAW
831,CCAP
832,CRESY
833,CXDO
834,CRNX
835,CRSP
836,CRTO
837,CROX
838,CRON
839,CCRN
840,CFB
841,CRWD
842,CRWS
843,CYRX
844,CYRXW
845,CSGS
846,CCLP
847,CSPI
848,CSWI
849,CSX
850,CTIC
851,CUE
852,CPIX
853,CMLS
854,CRIS
855,CUTR
856,CVBF
857,CVV
858,CYAN
859,CYBR
860,CYBE
861,CYCC
862,CYCCP
863,CYCN
864,CBAY
865,CYRN
866,CONE
867,CYTK
868,CTMX
869,CTSO
870,DADA
871,DJCO
872,DAKT
873,DARE
874,DRIO
875,DRIOW
876,DZSI
877,DSKE
878,DSKEW
879,DAIO
880,DDOG
881,DTSS
882,PLAY
883,DTEA
884,DFNL
885,DINT
886,DUSA
887,DWLD
888,DWSN
889,DBVT
890,DCPH
891,TACO
892,DCTH
893,DBCP
894,DMPI
895,DNLI
896,DENN
897,XRAY
898,DRMT
899,DMTK
900,DXLG
901,DSWL
902,DXCM
903,DFPH
904,DFPHU
905,DFPHW
906,DMAC
907,DHIL
908,FANG
909,DPHC
910,DPHCU
911,DPHCW
912,DRNA
913,DFFN
914,DGII
915,DMRC
916,DRAD
917,DRADP
918,DGLY
919,APPS
920,DCOM
921,DCOMP
922,DIOD
923,DRTT
924,DISCA
925,DISCB
926,DISCK
927,DISH
928,DHC
929,DHCNI
930,DHCNL
931,DLHC
932,BOOM
933,DOCU
934,DOGZ
935,DLTR
936,DLPN
937,DLPNW
938,DOMO
939,DGICA
940,DGICB
941,DMLP
942,DORM
943,DDI
944,DOYU
945,DKNG
946,DKNGZ
947,LYL
948,DBX
949,DSPG
950,DLTH
951,DNKN
952,DUOT
953,DRRX
954,DXPE
955,DYAI
956,DYNT
957,DVAX
958,ETFC
959,SSP
960,EBMT
961,EGBN
962,EGLE
963,EGRX
964,IGLE
965,ESSC
966,ESSCR
967,ESSCU
968,ESSCW
969,EWBC
970,EML
971,EAST
972,EVGBC
973,EVSTC
974,EVLMC
975,EBON
976,EBAY
977,EBAYL
978,EBIX
979,ECHO
980,SATS
981,MOHO
982,EDAP
983,EDSA
984,EDNT
985,EDIT
986,EDUC
987,EGAN
988,EH
989,EHTH
990,EIDX
991,EIGR
992,EKSO
993,LOCO
994,ESLT
995,ERI
996,SOLO
997,SOLOW
998,ECOR
999,EA
1000,ELSE
1001,ESBK
1002,ELOX
1003,ELTK
1004,EMCF
1005,EMKR
1006,ENTA
1007,ECPG
1008,WIRE
1009,ENDP
1010,ELGX
1011,NDRA
1012,NDRAW
1013,EIGI
1014,WATT
1015,EFOI
1016,ERII
1017,ENG
1018,ENLV
1019,ENOB
1020,ENPH
1021,ESGR
1022,ESGRO
1023,ESGRP
1024,ETTX
1025,ENTG
1026,ENTX
1027,ENTXW
1028,EBTC
1029,EFSC
1030,EVSI
1031,EVSIW
1032,EPZM
1033,PLUS
1034,EPSN
1035,EQ
1036,EQIX
1037,EQBK
1038,ERIC
1039,ERIE
1040,ERYP
1041,ESCA
1042,ESPR
1043,GMBL
1044,GMBLW
1045,ESQ
1046,ESSA
1047,EPIX
1048,ESTA
1049,VBND
1050,VUSE
1051,VIDI
1052,ETON
1053,ETSY
1054,CLWT
1055,EDRY
1056,EEFT
1057,ESEA
1058,EVLO
1059,EVBG
1060,EVK
1061,EVER
1062,MRAM
1063,EVOP
1064,EVFM
1065,EVGN
1066,EVOK
1067,EOLS
1068,EVOL
1069,EXAS
1070,XGN
1071,ROBO
1072,XELA
1073,EXEL
1074,EXC
1075,EXFO
1076,XCUR
1077,EXLS
1078,EXPI
1079,EXPE
1080,EXPD
1081,EXPC
1082,EXPCU
1083,EXPCW
1084,EXPO
1085,STAY
1086,EXTR
1087,EYEG
1088,EYEGW
1089,EYEN
1090,EYPT
1091,EZPW
1092,FLRZ
1093,FFIV
1094,FB
1095,FLMN
1096,FLMNW
1097,DUO
1098,FANH
1099,FARM
1100,FMAO
1101,FMNB
1102,FAMI
1103,FARO
1104,FAST
1105,FAT
1106,FATE
1107,FBSS
1108,FNHC
1109,FENC
1110,GSM
1111,FFBW
1112,FGEN
1113,FDBC
1114,ONEQ
1115,FDUS
1116,FDUSG
1117,FDUSL
1118,FDUSZ
1119,FRGI
1120,FITB
1121,FITBI
1122,FITBO
1123,FITBP
1124,FISI
1125,FNJN
1126,FSRV
1127,FSRVU
1128,FSRVW
1129,FTAC
1130,FTACU
1131,FTACW
1132,FEYE
1133,FBNC
1134,FNLC
1135,FRBA
1136,BUSE
1137,FBIZ
1138,FCAP
1139,FCBP
1140,FCNCA
1141,FCNCP
1142,FCBC
1143,FCCO
1144,FFBC
1145,FFIN
1146,THFF
1147,FFNW
1148,FFWM
1149,FGBI
1150,FHB
1151,INBK
1152,INBKL
1153,INBKZ
1154,FIBK
1155,FRME
1156,FMBH
1157,FMBI
1158,FMBIO
1159,FMBIP
1160,FXNC
1161,FNWB
1162,FSFG
1163,FSEA
1164,FSLR
1165,FAAR
1166,FPA
1167,BICK
1168,FBZ
1169,FTHI
1170,FCAL
1171,FCAN
1172,FTCS
1173,FCEF
1174,FCA
1175,SKYY
1176,RNDM
1177,FDT
1178,FDTS
1179,FVC
1180,FV
1181,IFV
1182,DDIV
1183,DVOL
1184,DVLU
1185,DWPP
1186,DALI
1187,FDNI
1188,FEM
1189,RNEM
1190,FEMB
1191,FEMS
1192,FTSM
1193,FEP
1194,FEUZ
1195,FGM
1196,FTGC
1197,FTLB
1198,HYLS
1199,FHK
1200,NFTY
1201,FTAG
1202,FTRI
1203,LEGR
1204,NXTG
1205,FPXI
1206,FPXE
1207,FJP
1208,FEX
1209,FTC
1210,RNLC
1211,FTA
1212,FLN
1213,LMBS
1214,LDSF
1215,FMB
1216,FMK
1217,FNX
1218,FNY
1219,RNMC
1220,FNK
1221,FAD
1222,FAB
1223,MDIV
1224,MCEF
1225,FMHI
1226,QABA
1227,ROBT
1228,FTXO
1229,QCLN
1230,GRID
1231,CIBR
1232,FTXG
1233,CARZ
1234,FTXN
1235,FTXH
1236,FTXD
1237,FTXL
1238,TDIV
1239,FTXR
1240,QQEW
1241,QQXT
1242,QTEC
1243,AIRR
1244,RDVY
1245,RFAP
1246,RFDI
1247,RFEM
1248,RFEU
1249,FID
1250,FTSL
1251,FYX
1252,FYC
1253,RNSC
1254,FYT
1255,SDVY
1256,FKO
1257,FCVT
1258,FDIV
1259,FSZ
1260,FIXD
1261,TUSA
1262,FKU
1263,RNDV
1264,FUNC
1265,FUSB
1266,MYFW
1267,FCFS
1268,SVVC
1269,FSV
1270,FISV
1271,FIVE
1272,FPRX
1273,FVE
1274,FIVN
1275,FLEX
1276,FLXN
1277,SKOR
1278,MBSD
1279,ASET
1280,ESG
1281,ESGG
1282,LKOR
1283,QLC
1284,FPAY
1285,FLXS
1286,FLIR
1287,FLWR
1288,FLNT
1289,FLDM
1290,FFIC
1291,FLUX
1292,FNCB
1293,FOCS
1294,FONR
1295,FSCT
1296,FRSX
1297,FMTX
1298,FORM
1299,FORTY
1300,FORR
1301,FBRX
1302,FRTA
1303,FTNT
1304,FBIO
1305,FBIOP
1306,FMCI
1307,FMCIU
1308,FMCIW
1309,FWRD
1310,FORD
1311,FWP
1312,FOSL
1313,FOX
1314,FOXA
1315,FOXF
1316,FRAN
1317,FRG
1318,FELE
1319,FRAF
1320,FRHC
1321,RAIL
1322,FEIM
1323,FREQ
1324,FRPT
1325,FTDR
1326,FRPH
1327,FSBW
1328,HUGE
1329,FTEK
1330,FCEL
1331,FULC
1332,FLGT
1333,FORK
1334,FLL
1335,FMAX
1336,FULT
1337,FNKO
1338,FUSN
1339,FUTU
1340,FTFT
1341,FFHL
1342,FVCB
1343,WILC
1344,GTHX
1345,GAIA
1346,GLPG
1347,GALT
1348,GRTX
1349,GLMD
1350,GMDA
1351,GLPI
1352,GAN
1353,GRMN
1354,GARS
1355,GLIBA
1356,GLIBP
1357,GDS
1358,GNSS
1359,GENC
1360,GFN
1361,GFNCP
1362,GFNSL
1363,GBIO
1364,GENE
1365,GTH
1366,GNFT
1367,GNUS
1368,GMAB
1369,GNMK
1370,GNCA
1371,GNPX
1372,GNTX
1373,THRM
1374,GEOS
1375,GABC
1376,GERN
1377,GEVO
1378,ROCK
1379,GIGM
1380,GIII
1381,GILT
1382,GILD
1383,GBCI
1384,GLAD
1385,GLADD
1386,GLADL
1387,GOOD
1388,GOODM
1389,GOODN
1390,GAIN
1391,GAINL
1392,GAINM
1393,LAND
1394,LANDP
1395,GLBZ
1396,GBT
1397,ENT
1398,GBLI
1399,GBLIL
1400,GBLIZ
1401,SELF
1402,GWRS
1403,AIQ
1404,DRIV
1405,POTX
1406,CLOU
1407,KRMA
1408,BUG
1409,DAX
1410,EBIZ
1411,FINX
1412,CHIC
1413,GNOM
1414,BFIT
1415,SNSR
1416,LNGR
1417,MILN
1418,EFAS
1419,QYLD
1420,BOTZ
1421,CATH
1422,CEFA
1423,SOCL
1424,ALTY
1425,SRET
1426,GXTG
1427,HERO
1428,YLCO
1429,GLBS
1430,GSMG
1431,GSMGW
1432,GLUU
1433,GLYC
1434,GOGO
1435,GLNG
1436,GMLP
1437,GMLPP
1438,DNJR
1439,GDEN
1440,GOGL
1441,GBDC
1442,GTIM
1443,GBLK
1444,GSHD
1445,GPRO
1446,GHIV
1447,GHIVU
1448,GHIVW
1449,GMHI
1450,GMHIU
1451,GMHIW
1452,GOSS
1453,LOPE
1454,GRVY
1455,GECC
1456,GECCL
1457,GECCM
1458,GECCN
1459,GEC
1460,GLDD
1461,GSBC
1462,GRBK
1463,GPP
1464,GPRE
1465,GCBC
1466,GTEC
1467,GNLN
1468,GLRE
1469,GRNQ
1470,GNRS
1471,GNRSU
1472,GNRSW
1473,GSKY
1474,GRNV
1475,GRNVR
1476,GRNVU
1477,GRNVW
1478,GDYN
1479,GDYNW
1480,GSUM
1481,GRIF
1482,GRFS
1483,GRIN
1484,GRTS
1485,GO
1486,GRPN
1487,GRWG
1488,OMAB
1489,GGAL
1490,GVP
1491,GSIT
1492,GTYH
1493,GNTY
1494,GFED
1495,GH
1496,GHSI
1497,GIFI
1498,GURE
1499,GPOR
1500,GWPH
1501,GWGH
1502,GXGX
1503,GXGXU
1504,GXGXW
1505,GYRO
1506,HEES
1507,HLG
1508,HOFV
1509,HOFVW
1510,HNRG
1511,HALL
1512,HALO
1513,HLNE
1514,HJLI
1515,HJLIW
1516,HWC
1517,HWCPL
1518,HWCPZ
1519,HAFC
1520,HAPP
1521,HONE
1522,HLIT
1523,HARP
1524,HROW
1525,HBIO
1526,HCAP
1527,HCAPZ
1528,HAS
1529,HA
1530,HWKN
1531,HWBK
1532,HYAC
1533,HYACU
1534,HYACW
1535,HAYN
1536,HBT
1537,HDS
1538,HHR
1539,HCAT
1540,HCCO
1541,HCCOU
1542,HCCOW
1543,HCSG
1544,HTIA
1545,HQY
1546,HSTM
1547,HTLD
1548,HTLF
1549,HTLFP
1550,HTBX
1551,HEBT
1552,HSII
1553,HELE
1554,HLIO
1555,HSDT
1556,HMTV
1557,HNNA
1558,HCAC
1559,HCACU
1560,HCACW
1561,HSIC
1562,HEPA
1563,HTBK
1564,HFWA
1565,HCCI
1566,MLHR
1567,HRTX
1568,HSKA
1569,HX
1570,HFFG
1571,HIBB
1572,SNLN
1573,HIHO
1574,HIMX
1575,HIFS
1576,HQI
1577,HSTO
1578,HCCH
1579,HCCHR
1580,HCCHU
1581,HCCHW
1582,HMNF
1583,HMSY
1584,HOLI
1585,HOLX
1586,HBCP
1587,HOMB
1588,HFBL
1589,HMST
1590,HTBI
1591,FIXX
1592,HOFT
1593,HOOK
1594,HOPE
1595,HBNC
1596,HRZN
1597,HZNP
1598,TWNK
1599,TWNKW
1600,HOTH
1601,HMHC
1602,HWCC
1603,HOVNP
1604,HBMD
1605,HTGM
1606,HTHT
1607,HUBG
1608,HUSN
1609,HECCU
1610,HSON
1611,HDSN
1612,HUIZ
1613,HBAN
1614,HBANN
1615,HBANO
1616,HURC
1617,HURN
1618,HCM
1619,HBP
1620,HVBC
1621,HYMC
1622,HYMCW
1623,HYRE
1624,IIIV
1625,IAC
1626,IBEX
1627,ICAD
1628,IEP
1629,ICCH
1630,ICFI
1631,ICHR
1632,ICLK
1633,ICLR
1634,ICON
1635,ICUI
1636,IPWR
1637,IDEX
1638,IDYA
1639,INVE
1640,IDRA
1641,IDXX
1642,IEC
1643,IESC
1644,IROQ
1645,IFMK
1646,IGMS
1647,IHRT
1648,INFO
1649,IIVI
1650,IKNX
1651,ILMN
1652,IMAB
1653,IMAC
1654,IMACW
1655,ISNS
1656,IMRA
1657,IMBI
1658,IMTX
1659,IMTXW
1660,IMMR
1661,ICCC
1662,IMUX
1663,IMGN
1664,IMMU
1665,IMVT
1666,IMRN
1667,IMRNW
1668,IMMP
1669,PI
1670,IMV
1671,NARI
1672,INCY
1673,INDB
1674,IBCP
1675,IBTX
1676,ILPT
1677,INFN
1678,INFI
1679,IFRX
1680,III
1681,IEA
1682,IEAWW
1683,IMKTA
1684,INMD
1685,INMB
1686,IPHA
1687,INWK
1688,INOD
1689,IOSP
1690,ISSC
1691,INVA
1692,INGN
1693,INOV
1694,INO
1695,INPX
1696,INSG
1697,NSIT
1698,ISIG
1699,INSM
1700,INSE
1701,IIIN
1702,PODD
1703,INSU
1704,INSUU
1705,INSUW
1706,NTEC
1707,IART
1708,IMTE
1709,INTC
1710,NTLA
1711,IDN
1712,IPAR
1713,IBKR
1714,ICPT
1715,IDCC
1716,TILE
1717,IBOC
1718,IGIC
1719,IGICW
1720,IMXI
1721,IDXG
1722,XENT
1723,IPLDP
1724,IVAC
1725,ITCI
1726,IIN
1727,INTU
1728,ISRG
1729,PLW
1730,ADRE
1731,BSCK
1732,BSJK
1733,BSCL
1734,BSJL
1735,BSML
1736,BSAE
1737,BSCM
1738,BSJM
1739,BSMM
1740,BSBE
1741,BSCN
1742,BSJN
1743,BSMN
1744,BSCE
1745,BSCO
1746,BSJO
1747,BSMO
1748,BSDE
1749,BSCP
1750,BSJP
1751,BSMP
1752,BSCQ
1753,BSJQ
1754,BSMQ
1755,BSCR
1756,BSJR
1757,BSMR
1758,BSCS
1759,BSMS
1760,BSCT
1761,BSMT
1762,PKW
1763,PFM
1764,PYZ
1765,PEZ
1766,PSL
1767,PIZ
1768,PIE
1769,PXI
1770,PFI
1771,PTH
1772,PRN
1773,PDP
1774,DWAS
1775,PTF
1776,PUI
1777,IDLB
1778,PRFZ
1779,PIO
1780,PGJ
1781,PEY
1782,IPKW
1783,PID
1784,KBWB
1785,KBWD
1786,KBWY
1787,KBWP
1788,KBWR
1789,PNQI
1790,PDBC
1791,QQQ
1792,ISDX
1793,ISDS
1794,ISEM
1795,IUS
1796,IUSS
1797,USLB
1798,PSCD
1799,PSCC
1800,PSCE
1801,PSCF
1802,PSCH
1803,PSCI
1804,PSCT
1805,PSCM
1806,PSCU
1807,VRIG
1808,PHO
1809,ISTR
1810,CMFNL
1811,ICMB
1812,ISBC
1813,ITIC
1814,NVIV
1815,IONS
1816,IOVA
1817,IPGP
1818,CLRG
1819,CSML
1820,IQ
1821,IRMD
1822,IRTC
1823,IRIX
1824,IRDM
1825,IRBT
1826,IRWD
1827,IRCP
1828,SLQD
1829,ISHG
1830,SHY
1831,TLT
1832,IEI
1833,IEF
1834,AIA
1835,USIG
1836,COMT
1837,ISTB
1838,IXUS
1839,IUSG
1840,IUSV
1841,IUSB
1842,HEWG
1843,DMXF
1844,USXF
1845,SUSB
1846,SUSC
1847,ESGD
1848,ESGE
1849,LDEM
1850,ESGU
1851,SUSL
1852,XT
1853,FALN
1854,IFEU
1855,IFGL
1856,BGRN
1857,IGF
1858,GNMA
1859,IBTA
1860,IBTB
1861,IBTD
1862,IBTE
1863,IBTF
1864,IBTG
1865,IBTH
1866,IBTI
1867,IBTJ
1868,HYXE
1869,IGIB
1870,IGOV
1871,EMB
1872,MBB
1873,JKI
1874,ACWX
1875,ACWI
1876,AAXJ
1877,EWZS
1878,MCHI
1879,SCZ
1880,EEMA
1881,EMXC
1882,EUFN
1883,IEUS
1884,RING
1885,SDG
1886,EWJE
1887,EWJV
1888,ENZL
1889,QAT
1890,TUR
1891,UAE
1892,IBB
1893,SOXX
1894,PFF
1895,AMCA
1896,EMIF
1897,ICLN
1898,WOOD
1899,INDY
1900,IJT
1901,DVY
1902,SHV
1903,IGSB
1904,ITMR
1905,ITI
1906,ITRM
1907,ITRI
1908,ITRN
1909,ISEE
1910,IZEA
1911,JJSF
1912,MAYS
1913,JBHT
1914,JCOM
1915,JKHY
1916,JACK
1917,JAGX
1918,JAKK
1919,JRVR
1920,JAN
1921,JSML
1922,JSMD
1923,JAZZ
1924,JD
1925,JRSH
1926,JBLU
1927,JCTCF
1928,JFIN
1929,JMPNL
1930,JMPNZ
1931,JBSS
1932,JOUT
1933,JNCE
1934,YY
1935,KALU
1936,KXIN
1937,KALA
1938,KLDO
1939,KALV
1940,KMDA
1941,KNDI
1942,KRTX
1943,KPTI
1944,KZIA
1945,KBLM
1946,KBLMR
1947,KBLMU
1948,KBLMW
1949,KBSF
1950,KRNY
1951,KELYA
1952,KELYB
1953,KFFB
1954,KROS
1955,KEQU
1956,KTCC
1957,KZR
1958,KFRC
1959,KE
1960,KBAL
1961,KIN
1962,KGJI
1963,KC
1964,KINS
1965,KNSA
1966,KNSL
1967,KIRK
1968,KTOV
1969,KTOVW
1970,KLAC
1971,KLXE
1972,KOD
1973,KOPN
1974,KRNT
1975,KOSS
1976,KWEB
1977,KTOS
1978,KRYS
1979,KLIC
1980,KURA
1981,KRUS
1982,KVHI
1983,FSTR
1984,LJPC
1985,LSBK
1986,LBAI
1987,LKFN
1988,LAKE
1989,LRCX
1990,LAMR
1991,LANC
1992,LCA
1993,LCAHU
1994,LCAHW
1995,LNDC
1996,LARK
1997,LMRK
1998,LMRKN
1999,LMRKO
2000,LMRKP
2001,LE
2002,LSTR
2003,LTRN
2004,LNTH
2005,LTRX
2006,LRMR
2007,LSCC
2008,LAUR
2009,LAWS
2010,LAZY
2011,LCNB
2012,LPTX
2013,LEGH
2014,LEGN
2015,INFR
2016,LVHD
2017,SQLV
2018,LACQ
2019,LACQU
2020,LACQW
2021,LMAT
2022,TREE
2023,LEVL
2024,LXRX
2025,LX
2026,LFAC
2027,LFACU
2028,LFACW
2029,LGIH
2030,LHCG
2031,LLIT
2032,LBRDA
2033,LBRDK
2034,LBTYA
2035,LBTYB
2036,LBTYK
2037,LILA
2038,LILAK
2039,BATRA
2040,BATRK
2041,FWONA
2042,FWONK
2043,LSXMA
2044,LSXMB
2045,LSXMK
2046,LTRPA
2047,LTRPB
2048,LSAC
2049,LSACU
2050,LSACW
2051,LCUT
2052,LFVN
2053,LWAY
2054,LGND
2055,LTBR
2056,LPTH
2057,LMB
2058,LLNW
2059,LMST
2060,LMNL
2061,LMNR
2062,LINC
2063,LECO
2064,LIND
2065,LGHL
2066,LGHLW
2067,LPCN
2068,LIQT
2069,YVR
2070,LQDA
2071,LQDT
2072,LFUS
2073,LIVK
2074,LIVKU
2075,LIVKW
2076,LIVN
2077,LOB
2078,LIVE
2079,LPSN
2080,LIVX
2081,LVGO
2082,LIZI
2083,LKQ
2084,LMFA
2085,LMFAW
2086,LMPX
2087,LOGC
2088,LOGI
2089,LOGM
2090,CNCR
2091,CHNA
2092,LONE
2093,LOAC
2094,LOACR
2095,LOACU
2096,LOACW
2097,LOOP
2098,LORL
2099,LPLA
2100,LYTS
2101,LULU
2102,LITE
2103,LMNX
2104,LUMO
2105,LUNA
2106,LKCO
2107,LBC
2108,LYFT
2109,LYRA
2110,MCBC
2111,MFNC
2112,MTSI
2113,MGNX
2114,MDGL
2115,MAGS
2116,MGLN
2117,MGTA
2118,MGIC
2119,MGNI
2120,MGYR
2121,MHLD
2122,MNSB
2123,MJCO
2124,MMYT
2125,MBUU
2126,MLVF
2127,TUSK
2128,MANH
2129,LOAN
2130,MNTX
2131,MTEX
2132,MNKD
2133,MANT
2134,MARA
2135,MCHX
2136,MRIN
2137,MARPS
2138,MRNS
2139,MRKR
2140,MKTX
2141,MRLN
2142,MAR
2143,MBII
2144,MRTN
2145,MMLP
2146,MRVL
2147,MASI
2148,MCFT
2149,MTCH
2150,MTLS
2151,MTRX
2152,MAT
2153,MATW
2154,MXIM
2155,MGRC
2156,MDCA
2157,MDJH
2158,MDRR
2159,MDRRP
2160,MBNKP
2161,MFIN
2162,MFINL
2163,MDIA
2164,MNOV
2165,MDGS
2166,MDGSW
2167,MDWD
2168,MEDP
2169,MEIP
2170,MGTX
2171,MLCO
2172,MNLO
2173,MTSL
2174,MELI
2175,MBWM
2176,MERC
2177,MBIN
2178,MBINO
2179,MBINP
2180,MFH
2181,MRCY
2182,MREO
2183,MCMJ
2184,MCMJW
2185,EBSB
2186,VIVO
2187,MRBK
2188,MMSI
2189,SNUG
2190,MACK
2191,MRSN
2192,MRUS
2193,MESA
2194,MLAB
2195,MESO
2196,CASH
2197,METX
2198,METXW
2199,MEOH
2200,MCBS
2201,MGEE
2202,MGPI
2203,MBOT
2204,MCHP
2205,MU
2206,MSFT
2207,MSTR
2208,MVIS
2209,MICT
2210,MPB
2211,MTP
2212,MCEP
2213,MBCN
2214,MSEX
2215,MSBI
2216,MSVB
2217,MOFG
2218,MIST
2219,MLND
2220,TIGO
2221,MIME
2222,MNDO
2223,NERV
2224,MGEN
2225,MRTX
2226,MIRM
2227,MSON
2228,MIND
2229,MINDP
2230,MITK
2231,MKSI
2232,MMAC
2233,MTC
2234,MOBL
2235,MRNA
2236,MOGO
2237,MWK
2238,MKD
2239,MTEM
2240,MBRX
2241,MNTA
2242,MOMO
2243,MKGI
2244,MCRI
2245,MDLZ
2246,MGI
2247,MDB
2248,MNCL
2249,MNCLU
2250,MNCLW
2251,MPWR
2252,MNPR
2253,MNRO
2254,MRCC
2255,MRCCL
2256,MNST
2257,MORN
2258,MORF
2259,MOR
2260,MOSY
2261,MPAA
2262,MOTS
2263,MCACU
2264,MOXC
2265,COOP
2266,MSBF
2267,MTBC
2268,MTBCP
2269,MTSC
2270,GRIL
2271,MBIO
2272,MVBF
2273,MYSZ
2274,MYL
2275,MYOK
2276,MYOS
2277,MYRG
2278,MYGN
2279,NBRV
2280,NAKD
2281,NNDM
2282,NSTG
2283,NAOV
2284,NH
2285,NK
2286,NSSC
2287,NDAQ
2288,NTRA
2289,NATH
2290,NKSH
2291,FIZZ
2292,NCMI
2293,NESR
2294,NESRW
2295,NGHC
2296,NGHCN
2297,NGHCO
2298,NGHCP
2299,NGHCZ
2300,NHLD
2301,NHLDW
2302,NATI
2303,NRC
2304,NSEC
2305,EYE
2306,NWLI
2307,NAII
2308,NHTC
2309,NATR
2310,NTUS
2311,JSM
2312,NAVI
2313,NMCI
2314,NBTB
2315,NCSM
2316,NKTR
2317,NMRD
2318,NEOG
2319,NEO
2320,NLTX
2321,NEON
2322,NEOS
2323,NVCN
2324,NEPH
2325,NEPT
2326,UEPS
2327,NETE
2328,NTAP
2329,NTES
2330,NFIN
2331,NFINU
2332,NFINW
2333,NFLX
2334,NTGR
2335,NTCT
2336,NTWK
2337,NBSE
2338,NRBO
2339,NBIX
2340,NURO
2341,STIM
2342,NTRP
2343,NBEV
2344,NFE
2345,NPA
2346,NPAUU
2347,NPAWW
2348,NYMT
2349,NYMTM
2350,NYMTN
2351,NYMTO
2352,NYMTP
2353,NEWA
2354,NBAC
2355,NBACR
2356,NBACU
2357,NBACW
2358,NWL
2359,NWGI
2360,NMRK
2361,NWS
2362,NWSA
2363,NEWT
2364,NEWTI
2365,NEWTL
2366,NXMD
2367,NXST
2368,NXTC
2369,NEXT
2370,NXGN
2371,NGM
2372,NODK
2373,EGOV
2374,NICE
2375,NICK
2376,NCBS
2377,NKLA
2378,NKLAW
2379,NIU
2380,LASR
2381,NMIH
2382,NNBR
2383,NBL
2384,NBLX
2385,NDLS
2386,NDSN
2387,NSYS
2388,NBN
2389,NTIC
2390,NTRS
2391,NTRSO
2392,NFBK
2393,NRIM
2394,NWBI
2395,NWPX
2396,NLOK
2397,NCLH
2398,NWFL
2399,NVFY
2400,NVMI
2401,NOVN
2402,NOVT
2403,NVAX
2404,NVCR
2405,NOVS
2406,NOVSU
2407,NOVSW
2408,NVUS
2409,NUAN
2410,NCNA
2411,NTNX
2412,NUVA
2413,QQQX
2414,NUZE
2415,NVEE
2416,NVEC
2417,NVDA
2418,NXPI
2419,NXTD
2420,NYMX
2421,OIIM
2422,OVLY
2423,OCSL
2424,OCSI
2425,OMP
2426,OAS
2427,OBLN
2428,OBSV
2429,OBCI
2430,OPTT
2431,OCFC
2432,OCFCP
2433,OFED
2434,OCGN
2435,OCUL
2436,ODT
2437,OMEX
2438,OPI
2439,OPINI
2440,OPINL
2441,OFS
2442,OFSSI
2443,OFSSL
2444,OFSSZ
2445,OCCI
2446,OCCIP
2447,OVBC
2448,OKTA
2449,ODFL
2450,ONB
2451,OPOF
2452,OSBC
2453,OLLI
2454,ZEUS
2455,OFLX
2456,OMER
2457,OMCL
2458,ON
2459,ONCY
2460,ONTX
2461,ONTXW
2462,ONCS
2463,ONCT
2464,OSS
2465,OSPN
2466,OSW
2467,ONEW
2468,OTRK
2469,OPBK
2470,LPRO
2471,OTEX
2472,OPRA
2473,OPES
2474,OPESU
2475,OPESW
2476,OPGN
2477,OPNT
2478,OPK
2479,OPRT
2480,OBAS
2481,OCC
2482,OPRX
2483,OPHC
2484,OPTN
2485,OPCH
2486,ORMP
2487,OSUR
2488,ORBC
2489,OEG
2490,ORTX
2491,ORLY
2492,OGI
2493,ORGO
2494,ONVO
2495,ORGS
2496,ORIC
2497,SEED
2498,OBNK
2499,OESX
2500,ORSN
2501,ORSNR
2502,ORSNU
2503,ORSNW
2504,ORRF
2505,OFIX
2506,KIDS
2507,OSIS
2508,OSMT
2509,OSN
2510,OTEL
2511,OTG
2512,OTIC
2513,OTTR
2514,OTLK
2515,OTLKW
2516,OSTK
2517,OVID
2518,OXBR
2519,OXBRW
2520,OXFD
2521,OXLC
2522,OXLCM
2523,OXLCO
2524,OXLCP
2525,OXSQ
2526,OXSQL
2527,OXSQZ
2528,OYST
2529,PFIN
2530,PTSI
2531,PCAR
2532,HERD
2533,ECOW
2534,VETS
2535,PACB
2536,PEIX
2537,PMBC
2538,PPBI
2539,PCRX
2540,PACW
2541,PAE
2542,PAEWW
2543,PLMR
2544,PAAS
2545,PANL
2546,PZZA
2547,PRTK
2548,TEUM
2549,PCYG
2550,PKBK
2551,PKOH
2552,PTNR
2553,PASG
2554,PBHC
2555,PATK
2556,PNBK
2557,PATI
2558,PDCO
2559,PTEN
2560,PAVM
2561,PAVMW
2562,PAVMZ
2563,PAYX
2564,PCTY
2565,PYPL
2566,PAYS
2567,CNXN
2568,PCB
2569,PCIM
2570,PCSB
2571,PCTI
2572,PDCE
2573,PDFS
2574,PDLI
2575,PDLB
2576,PDSB
2577,PGC
2578,PEGA
2579,PTON
2580,PENN
2581,PVAC
2582,PFLT
2583,PNNT
2584,PNNTG
2585,PWOD
2586,PEBO
2587,PEBK
2588,PFIS
2589,PBCT
2590,PBCTP
2591,PEP
2592,PRCP
2593,PRDO
2594,PRFT
2595,PSHG
2596,PFMT
2597,PERI
2598,PESI
2599,PPIH
2600,PSNL
2601,PETQ
2602,PETS
2603,PFSW
2604,PGTI
2605,PHAS
2606,PHAT
2607,PAHC
2608,PHIO
2609,PHIOW
2610,PLAB
2611,PHUN
2612,PHUNW
2613,PICO
2614,PLL
2615,PIRS
2616,PPC
2617,PDD
2618,PME
2619,PNFP
2620,PNFPP
2621,PT
2622,PBFS
2623,PPSI
2624,PXLW
2625,PLYA
2626,PLXS
2627,PLRX
2628,PLUG
2629,PLBC
2630,PS
2631,PSTI
2632,PSTV
2633,PLXP
2634,PCOM
2635,POLA
2636,PTE
2637,PYPD
2638,POOL
2639,BPOP
2640,BPOPM
2641,BPOPN
2642,KCAPL
2643,PTMN
2644,PPHI
2645,PBPB
2646,PCH
2647,POWL
2648,POWI
2649,PBTS
2650,PWFL
2651,PPD
2652,PRAA
2653,PRAH
2654,PGEN
2655,PRPO
2656,DTIL
2657,POAI
2658,PFBC
2659,PLPC
2660,PFBI
2661,PFC
2662,PINC
2663,PBIO
2664,PRVL
2665,PRGX
2666,PSMT
2667,PNRG
2668,PRMW
2669,PRIM
2670,PVAL
2671,PFG
2672,BTEC
2673,PDEV
2674,GENY
2675,PSET
2676,PY
2677,PMOM
2678,PLC
2679,USMC
2680,PSC
2681,PSM
2682,PRNB
2683,PRTH
2684,UFO
2685,PDEX
2686,IPDN
2687,PFHD
2688,PFIE
2689,PROF
2690,PROG
2691,PRGS
2692,PGNY
2693,LUNG
2694,PFPT
2695,PRPH
2696,PTAC
2697,PTACU
2698,PTACW
2699,PRQR
2700,EQRR
2701,BIB
2702,TQQQ
2703,SQQQ
2704,BIS
2705,PSEC
2706,PTGX
2707,TARA
2708,PTVCA
2709,PTVCB
2710,PTI
2711,PRTA
2712,PRVB
2713,PVBC
2714,PROV
2715,PBIP
2716,PMD
2717,PTC
2718,PTCT
2719,PHCF
2720,PULM
2721,PLSE
2722,PBYI
2723,PACQ
2724,PACQU
2725,PACQW
2726,PCYO
2727,PRPL
2728,PUYI
2729,PXS
2730,QK
2731,QADA
2732,QADB
2733,QCRH
2734,QGEN
2735,QIWI
2736,QRVO
2737,QCOM
2738,QLGN
2739,QLYS
2740,QTRX
2741,QMCO
2742,QRHC
2743,QUIK
2744,QDEL
2745,QNST
2746,QUMU
2747,QTNT
2748,QRTEA
2749,QRTEB
2750,QTT
2751,RRD
2752,RCM
2753,RADA
2754,RDCM
2755,RDUS
2756,RDNT
2757,RDWR
2758,METC
2759,RMBS
2760,RAND
2761,RNDB
2762,RPD
2763,RAPT
2764,RTLR
2765,RAVE
2766,RAVN
2767,RBB
2768,ROLL
2769,RICK
2770,RCMT
2771,RDI
2772,RDIB
2773,BLCN
2774,RNWK
2775,RP
2776,RETA
2777,RCON
2778,REPH
2779,RRBI
2780,RRGB
2781,RRR
2782,RDVT
2783,RDFN
2784,RDHL
2785,REED
2786,REG
2787,REGN
2788,RGNX
2789,RGLS
2790,REKR
2791,RBNC
2792,RELV
2793,RLMD
2794,MARK
2795,RNST
2796,REGI
2797,RCII
2798,RPTX
2799,RPAY
2800,RGEN
2801,REPL
2802,KRMD
2803,RBCAA
2804,FRBK
2805,REFR
2806,RSSS
2807,RESN
2808,RGP
2809,TORC
2810,ROIC
2811,RETO
2812,RTRX
2813,RVNC
2814,RVMD
2815,RWLK
2816,REXN
2817,REYN
2818,RFIL
2819,RGCO
2820,RBKB
2821,RYTM
2822,RBBN
2823,RIBT
2824,RELL
2825,RMBI
2826,RIGL
2827,RNET
2828,RMNI
2829,RIOT
2830,REDU
2831,RVSB
2832,RIVE
2833,RCKT
2834,RMTI
2835,RCKY
2836,RMCF
2837,ROKU
2838,ROSE
2839,ROSEU
2840,ROSEW
2841,ROST
2842,ROCH
2843,ROCHU
2844,ROCHW
2845,RGLD
2846,RPRX
2847,RTIX
2848,RBCN
2849,RUBY
2850,RUHN
2851,RMBL
2852,RUSHA
2853,RUSHB
2854,RUTH
2855,RYAAY
2856,STBA
2857,SANW
2858,SBRA
2859,SABR
2860,SFET
2861,SAFT
2862,SGA
2863,SAGE
2864,SAIA
2865,SLRX
2866,SALM
2867,SAL
2868,SAFM
2869,SASR
2870,SGMO
2871,SANM
2872,SNY
2873,SPNS
2874,SRPT
2875,STSA
2876,SVRA
2877,SBFG
2878,SBBX
2879,SBAC
2880,SCSC
2881,SMIT
2882,SCHN
2883,SRRK
2884,SCHL
2885,SDGR
2886,SAMA
2887,SAMAU
2888,SAMAW
2889,SJ
2890,SGMS
2891,SCPL
2892,SCPH
2893,WORX
2894,SCYX
2895,SEAC
2896,SBCF
2897,STX
2898,SHIP
2899,SHIPW
2900,SHIPZ
2901,SPNE
2902,SGEN
2903,EYES
2904,EYESW
2905,SECO
2906,SCWX
2907,SNFCA
2908,SEEL
2909,SEIC
2910,SLCT
2911,SIC
2912,SELB
2913,SIGI
2914,SLS
2915,LEDS
2916,SMTC
2917,SNCA
2918,SENEA
2919,SENEB
2920,SNES
2921,AIHS
2922,SRTS
2923,SQBG
2924,MCRB
2925,SVC
2926,SREV
2927,SFBS
2928,SESN
2929,SVBI
2930,SGBX
2931,SGOC
2932,SMED
2933,SHSP
2934,SHEN
2935,PIXY
2936,SHLO
2937,SCCI
2938,TYHT
2939,SWAV
2940,SCVL
2941,SHBI
2942,SSTI
2943,SIBN
2944,SIEB
2945,SIEN
2946,BSRR
2947,SRRA
2948,SWIR
2949,SIFY
2950,SIGA
2951,SGLB
2952,SGLBW
2953,SGMA
2954,SBNY
2955,SLGN
2956,SILC
2957,SLAB
2958,SIMO
2959,SILK
2960,SSPK
2961,SSPKU
2962,SSPKW
2963,SAMG
2964,SSNT
2965,SFNC
2966,SLP
2967,SINA
2968,SBGI
2969,SINO
2970,SVA
2971,SINT
2972,SPQQ
2973,SG
2974,SIRI
2975,SRVA
2976,SITM
2977,SKYS
2978,SKYW
2979,SWKS
2980,SNBR
2981,SLM
2982,SLMBP
2983,SGH
2984,SND
2985,SMBK
2986,SDC
2987,SWBI
2988,SMSI
2989,SMTX
2990,SCKT
2991,GIGE
2992,SAQN
2993,SAQNU
2994,SAQNW
2995,SOHU
2996,SLRC
2997,SUNS
2998,SEDG
2999,SLNO
3000,SLGL
3001,SLDB
3002,SNGX
3003,SNGXW
3004,SOLY
3005,SONM
3006,SONN
3007,SNOA
3008,SONO
3009,SRNE
3010,SOHO
3011,SOHOB
3012,SOHON
3013,SOHOO
3014,SFBC
3015,SMMC
3016,SMMCU
3017,SMMCW
3018,SPFI
3019,SSB
3020,SFST
3021,SMBC
3022,SONA
3023,SBSI
3024,SY
3025,SP
3026,SGRP
3027,SPKE
3028,SPKEP
3029,SPTN
3030,DWFI
3031,SPPI
3032,SPRO
3033,ANY
3034,SPI
3035,SAVE
3036,STXB
3037,SPLK
3038,SPOK
3039,SPWH
3040,SBPH
3041,SWTX
3042,FUND
3043,SPT
3044,SFM
3045,SPSC
3046,SRAX
3047,SSNC
3048,SSRM
3049,STAA
3050,SRAC
3051,SRACU
3052,SRACW
3053,STAF
3054,STMP
3055,STND
3056,SBLK
3057,SBLKZ
3058,SBUX
3059,STFC
3060,MITO
3061,GASS
3062,STCN
3063,STLD
3064,SMRT
3065,SRCL
3066,SBT
3067,STRL
3068,SHOO
3069,SFIX
3070,SYBT
3071,STOK
3072,BANX
3073,STNE
3074,SNEX
3075,SSKN
3076,SSYS
3077,STRA
3078,HNDL
3079,STRT
3080,STRS
3081,STRM
3082,SBBP
3083,SUMR
3084,SMMF
3085,SSBI
3086,SMMT
3087,WISA
3088,SNDE
3089,SNDL
3090,SNSS
3091,STKL
3092,SPWR
3093,RUN
3094,SUNW
3095,SLGG
3096,SMCI
3097,SPCB
3098,SCON
3099,SGC
3100,SUPN
3101,SPRT
3102,SURF
3103,SGRY
3104,SRDX
3105,SSSS
3106,STRO
3107,SIVB
3108,SIVBP
3109,SVMK
3110,SWKH
3111,SYKE
3112,SYNC
3113,SYNL
3114,SYNA
3115,SNCR
3116,SNDX
3117,SYNH
3118,SYBX
3119,SNPS
3120,SYPR
3121,SYRS
3122,TROW
3123,TTOO
3124,TRHC
3125,TCMD
3126,TAIT
3127,TLC
3128,TTWO
3129,TLND
3130,TNDM
3131,TLF
3132,TANH
3133,TAOP
3134,TAPM
3135,TEDU
3136,TH
3137,THWWW
3138,TATT
3139,TAYD
3140,TCF
3141,TCFCP
3142,CGBD
3143,TCRR
3144,AMTD
3145,GLG
3146,PETZ
3147,TCCO
3148,TTGT
3149,TGLS
3150,TECTP
3151,TELA
3152,TNAV
3153,TLGT
3154,TELL
3155,TENB
3156,TENX
3157,TZAC
3158,TZACU
3159,TZACW
3160,TER
3161,TERP
3162,TBNK
3163,TSLA
3164,TESS
3165,TTEK
3166,TTPH
3167,TCBI
3168,TCBIL
3169,TCBIP
3170,TXN
3171,TXRH
3172,TFFP
3173,TFSL
3174,TGTX
3175,WTER
3176,ANDE
3177,TBBK
3178,BPRN
3179,CG
3180,CAKE
3181,CHEF
3182,TCFC
3183,DSGX
3184,DXYN
3185,ENSG
3186,XONE
3187,FBMS
3188,FLIC
3189,GT
3190,HCKT
3191,HAIN
3192,CUBA
3193,INTG
3194,JYNT
3195,KHC
3196,OLD
3197,LOVE
3198,MEET
3199,MIK
3200,MIDD
3201,ODP
3202,STKS
3203,PECK
3204,PNTG
3205,PRSC
3206,REAL
3207,RMR
3208,SHYF
3209,SMPL
3210,TTD
3211,YORW
3212,NCTY
3213,TXAC
3214,TXMD
3215,THTX
3216,TBPH
3217,THMO
3218,TCRD
3219,THBR
3220,THBRU
3221,THBRW
3222,TLRY
3223,TSBK
3224,TIPT
3225,TITN
3226,TMDI
3227,TTNP
3228,TVTY
3229,TLSA
3230,TMUS
3231,TMUSR
3232,TNXP
3233,TOPS
3234,TRCH
3235,TRMD
3236,TOTA
3237,TOTAR
3238,TOTAU
3239,TOTAW
3240,TBLT
3241,TBLTW
3242,TSEM
3243,CLUB
3244,TOWN
3245,TPIC
3246,TCON
3247,TSCO
3248,TW
3249,TWMC
3250,TACT
3251,TRNS
3252,TGA
3253,TBIO
3254,TMDX
3255,TA
3256,TANNI
3257,TANNL
3258,TANNZ
3259,TZOO
3260,TRMT
3261,TRVN
3262,TRVI
3263,TPCO
3264,TCDA
3265,TCBK
3266,TDAC
3267,TDACU
3268,TDACW
3269,TRIL
3270,TRS
3271,TRMB
3272,TRIB
3273,TCOM
3274,TRIP
3275,TSC
3276,TSCAP
3277,TSCBP
3278,TBK
3279,TBKCP
3280,TRVG
3281,TRUE
3282,TRUP
3283,TRST
3284,TRMK
3285,MEDS
3286,TSRI
3287,TTEC
3288,TTMI
3289,TC
3290,TCX
3291,TOUR
3292,TPTX
3293,HEAR
3294,THCB
3295,THCBU
3296,THCBW
3297,THCA
3298,THCAU
3299,THCAW
3300,TWIN
3301,TWST
3302,TYME
3303,USCR
3304,PRTS
3305,USEG
3306,GROW
3307,USAU
3308,USWS
3309,USWSW
3310,UCL
3311,UFPI
3312,UFPT
3313,ULTA
3314,UCTT
3315,RARE
3316,ULBI
3317,UMBF
3318,UMPQ
3319,UNAM
3320,LATN
3321,LATNU
3322,LATNW
3323,UNB
3324,QURE
3325,UAL
3326,UBCP
3327,UBOH
3328,UBSI
3329,UCBI
3330,UCBIO
3331,UFCS
3332,UIHC
3333,UNFI
3334,UBFO
3335,USLM
3336,UTHR
3337,UG
3338,UNIT
3339,UNTY
3340,UBX
3341,OLED
3342,UEIC
3343,ULH
3344,USAP
3345,UVSP
3346,UMRX
3347,TTTN
3348,TIGR
3349,UPLD
3350,UPWK
3351,UONE
3352,UONEK
3353,URBN
3354,MYT
3355,URGN
3356,UROV
3357,ECOL
3358,ECOLW
3359,USAK
3360,USIO
3361,UTMD
3362,UTSI
3363,UXIN
3364,VCNX
3365,VLY
3366,VLYPO
3367,VLYPP
3368,VTEC
3369,VALU
3370,VNDA
3371,BBH
3372,ANGL
3373,BJK
3374,PPH
3375,RTH
3376,SMH
3377,ESPO
3378,VWOB
3379,VNQI
3380,VCIT
3381,VGIT
3382,VIGI
3383,VYMI
3384,VCLT
3385,VGLT
3386,VMBS
3387,VONE
3388,VONG
3389,VONV
3390,VTWO
3391,VTWG
3392,VTWV
3393,VTHR
3394,VCSH
3395,VTIP
3396,VGSH
3397,BND
3398,VTC
3399,BNDX
3400,VXUS
3401,BNDW
3402,VREX
3403,VRNS
3404,VBLT
3405,VXRT
3406,PCVX
3407,VBIV
3408,VECO
3409,VERO
3410,VEON
3411,VRA
3412,VCYT
3413,VSTM
3414,VERB
3415,VERBW
3416,VCEL
3417,VERY
3418,VRME
3419,VRMEW
3420,VRNT
3421,VRSN
3422,VRSK
3423,VBTX
3424,VERI
3425,VRNA
3426,VRRM
3427,VRCA
3428,VTNR
3429,VRTX
3430,VERU
3431,VIAC
3432,VIACA
3433,VSAT
3434,VIAV
3435,VICR
3436,VCTR
3437,CIZ
3438,VSDA
3439,CEY
3440,CEZ
3441,CID
3442,CIL
3443,CFO
3444,CFA
3445,CSF
3446,CDC
3447,CDL
3448,VSMV
3449,CSB
3450,CSA
3451,VIE
3452,VMD
3453,VRAY
3454,VKTX
3455,VKTXW
3456,VBFC
3457,VFF
3458,VLGEA
3459,VIOT
3460,VNOM
3461,VIR
3462,VIRC
3463,VTSI
3464,VIRT
3465,VRTS
3466,BBC
3467,BBP
3468,VRTU
3469,VISL
3470,VTGN
3471,VC
3472,VIVE
3473,VVPR
3474,VVUS
3475,VOD
3476,VG
3477,VOXX
3478,VYGR
3479,VRM
3480,VSEC
3481,VTVT
3482,VUZI
3483,WAFU
3484,HLAL
3485,WTRH
3486,WBA
3487,WSG
3488,WMG
3489,WAFD
3490,WASH
3491,WSBF
3492,WTRE
3493,WTREP
3494,WVE
3495,WNFM
3496,WSTG
3497,WDFC
3498,WB
3499,WEN
3500,WERN
3501,WSBC
3502,WTBA
3503,WABC
3504,WSTL
3505,WINC
3506,WBND
3507,WDC
3508,WNEB
3509,WPRT
3510,WWR
3511,WEYS
3512,WHLR
3513,WHLRD
3514,WHLRP
3515,WHF
3516,WHFBZ
3517,FREE
3518,FREEW
3519,WHLM
3520,WVVI
3521,WVVIP
3522,WLDN
3523,WLFC
3524,WLTW
3525,WSC
3526,WIMI
3527,WINT
3528,WING
3529,WINA
3530,WINS
3531,WTFC
3532,WTFCM
3533,WTFCP
3534,CXSE
3535,WCLD
3536,EMCB
3537,DGRE
3538,DXGE
3539,HYZD
3540,AGZD
3541,WETF
3542,DXJS
3543,DGRW
3544,DGRS
3545,WKEY
3546,WIX
3547,WWD
3548,WDAY
3549,WKHS
3550,WRLD
3551,WRTC
3552,WMGI
3553,WSFS
3554,WVFC
3555,WW
3556,WYNN
3557,XFOR
3558,XBIT
3559,XELB
3560,XEL
3561,XNCR
3562,XBIO
3563,XBIOW
3564,XENE
3565,XERS
3566,XLNX
3567,XOMA
3568,XP
3569,XPEL
3570,XPER
3571,XSPA
3572,XTLB
3573,XNET
3574,YNDX
3575,YTRA
3576,YTEN
3577,YIN
3578,YMAB
3579,YGYI
3580,YGYIP
3581,YRCW
3582,CTIB
3583,ZGYH
3584,ZGYHR
3585,ZGYHU
3586,ZGYHW
3587,YJ
3588,ZAGG
3589,ZLAB
3590,ZEAL
3591,ZBRA
3592,ZNTL
3593,ZCMD
3594,Z
3595,ZG
3596,ZN
3597,ZNWAA
3598,ZION
3599,ZIONL
3600,ZIONN
3601,ZIONO
3602,ZIONP
3603,ZIOP
3604,ZIXI
3605,ZKIN
3606,ZGNX
3607,ZM
3608,ZI
3609,ZSAN
3610,ZVO
3611,ZS
3612,ZUMZ
3613,ZYNE
3614,ZYXI
3615,ZNGA
